quarter,cpi_US_total,tot_public_debt_as_pct_of_gdp,gross_private_domestic_invest,nat_rate_of_unemp_long_term,avg_consumer_price_index,fed_funds_avg_rate,10YT_minus_2YT_avg,gdp,avg_housing_starts,target
1976Q3,5.518087063,33.64333,328.307,6.217,57.3,5.283478261,1.096666667,1886.558,1557,0
1976Q4,5.069402535,33.78753,337.65,6.223,58.13333333,4.87423913,1.466666667,1934.273,1691.333333,0
1977Q1,5.857740586,33.65136,360.313,6.227,59.2,4.660666667,1.326666667,1988.648,1844.333333,0
1977Q2,6.847697757,32.80422,389.703,6.232,60.23333333,5.157472527,1.256666667,2055.909,1918.666667,0
1977Q3,6.682161534,32.98791,414.134,6.235,61.06666667,5.816413043,0.826666667,2118.473,2009,0
1977Q4,6.605399196,33.21873,422.299,6.237,61.96666667,6.511304348,0.453333333,2164.27,2075.333333,0
1978Q1,6.606437041,33.5012,434.799,6.239,63.03333333,6.759555556,0.463333333,2202.76,1829.333333,0
1978Q2,6.961325967,32.12444,470.584,6.239,64.46666667,7.282637363,0.323333333,2331.633,2114,0
1978Q3,7.952069717,32.21407,492.368,6.239,65.96666667,8.094782609,0.013333333,2395.053,2019.333333,0
1978Q4,8.943965517,31.86206,515.755,6.238,67.5,9.577826087,-0.51,2476.949,2039.666667,0
1979Q1,9.745762712,31.53601,525.809,6.235,69.2,10.07322222,-0.683333333,2526.61,1665.666667,0
1979Q2,10.74380165,31.06277,539.293,6.232,71.4,10.18197802,-0.48,2591.247,1845.666667,1
1979Q3,11.75580222,30.98402,545.621,6.228,73.7,10.9401087,-0.45,2667.565,1790,1
1979Q4,12.66073195,31.02615,547.875,6.223,76.03333333,13.58021739,-1.116666667,2723.883,1567.666667,1
1980Q1,14.28571429,30.94982,554.562,6.217,79.03333333,15.06527473,-1.28,2789.842,1246,1
1980Q2,14.50559701,31.37303,519.294,6.21,81.7,12.6689011,0.25,2797.352,1058,1
1980Q3,12.86681716,31.77687,495.071,6.203,83.23333333,9.823152174,0.576666667,2856.483,1392,0
1980Q4,12.64266901,31.157,551.472,6.195,85.56666667,15.85282609,-0.803333333,2985.557,1505,0
1981Q1,11.23310811,30.87284,619.381,6.187,87.93333333,16.59555556,-0.623333333,3124.206,1366.333333,0
1981Q2,9.775967413,30.70875,609.843,6.178,89.76666667,17.78692308,-0.956666667,3162.532,1181.666667,1
1981Q3,10.84,30.60333,652.297,6.169,92.26666667,17.59434783,-1.183333333,3260.609,964,1
1981Q4,9.547934528,31.35587,643.395,6.16,93.76666667,13.58836957,0.183333333,3280.818,873.3333333,1
1982Q1,7.593014427,32.41298,588.318,6.15,94.6,14.20744444,-0.233333333,3274.302,880,1
1982Q2,6.753246753,32.40213,593.621,6.141,95.96666667,14.51417582,-0.22,3331.972,948,1
1982Q3,5.774088777,33.9253,592.954,6.131,97.63333333,11.01271739,0.483333333,3366.322,1118.666667,0
1982Q4,4.517965137,35.18156,549.242,6.122,97.93333333,9.283913043,0.783333333,3402.561,1282.666667,0
1983Q1,3.59915314,35.82911,565.52,6.112,98,8.657555556,1.02,3473.413,1630.333333,0
1983Q2,3.336809176,36.87167,613.783,6.103,99.13333333,8.802747253,0.796666667,3578.848,1660.333333,0
1983Q3,2.62708973,37.3311,652.269,6.094,100.1,9.458152174,0.776666667,3689.179,1801.666667,0
1983Q4,3.301565691,37.17553,718.496,6.085,101.1,9.430108696,0.996666667,3794.706,1729.333333,0
1984Q1,4.529972752,37.45447,790.872,6.076,102.5333333,9.688571429,1.03,3908.054,1940,0
1984Q2,4.339051463,37.72687,818.894,6.066,103.5,10.55472527,0.843333333,4009.601,1822.666667,0
1984Q3,4.255319149,38.49586,838.852,6.057,104.4,11.39228261,0.363333333,4084.25,1672,0
1984Q4,4.085667216,40.08547,831.741,6.048,105.3,9.2625,0.933333333,4148.551,1630.333333,0
1985Q1,3.584229391,40.44121,809.865,6.038,106.2666667,8.475111111,1.313333333,4230.168,1714.333333,0
1985Q2,3.739522888,41.31983,827.04,6.029,107.2333333,7.924395604,1.423333333,4294.887,1725.666667,0
1985Q3,3.348214286,41.55909,822.157,6.019,107.9,7.900978261,1.44,4386.773,1701,0
1985Q4,3.51377018,43.78715,859.545,6.008,109,8.104456522,1.23,4444.094,1824.666667,0
1986Q1,3.082730418,44.07415,863.457,5.997,109.5666667,7.826888889,0.783333333,4507.894,1898.666667,0
1986Q2,1.615910503,45.30682,855.237,5.986,109.0333333,6.918461538,0.62,4545.34,1878,0
1986Q3,1.635297748,46.12536,835.832,5.973,109.7,6.209456522,0.856666667,4607.669,1758.666667,0
1986Q4,1.28440367,47.55286,842.063,5.961,110.4666667,6.26673913,0.986666667,4657.627,1712.333333,0
1987Q1,2.197131523,47.57835,871.196,5.947,111.8,6.222555556,0.843333333,4722.156,1761.333333,0
1987Q2,3.76146789,48.04867,874.588,5.933,113.0666667,6.65,0.893333333,4806.16,1612,0
1987Q3,4.189435337,48.1165,876.466,5.917,114.2666667,6.839565217,1.033333333,4884.555,1625,0
1987Q4,4.498792271,48.55667,946.459,5.901,115.3333333,6.919673913,1.14,5007.994,1523.666667,0
1988Q1,3.971334727,49.03151,908.569,5.885,116.2333333,6.665934066,1.056666667,5073.372,1425.333333,0
1988Q2,3.919834954,49.08744,934.525,5.867,117.5666667,7.154945055,1.036666667,5190.036,1490.666667,0
1988Q3,4.108391608,49.25732,942.009,5.849,119,7.983478261,0.643333333,5282.835,1484,0
1988Q4,4.305114129,49.71548,962.748,5.83,120.3,8.468478261,0.253333333,5399.509,1551.333333,0
1989Q1,4.824813326,49.73276,1005.487,5.811,121.6666667,9.446444444,-0.203333333,5511.253,1489.333333,0
1989Q2,5.218377765,49.8876,1001.047,5.791,123.6333333,9.725714286,-0.186666667,5612.463,1355.666667,0
1989Q3,4.673943465,50.17117,996.46,5.772,124.6,9.083586957,0.026666667,5695.365,1346,0
1989Q4,4.59833795,51.38111,995.809,5.752,125.8666667,8.614456522,0.053333333,5747.237,1337.333333,1
1990Q1,5.232876712,51.96856,1010.838,5.732,128.0333333,8.248,0.06,5872.701,1425.666667,1
1990Q2,4.582210243,52.7473,1014.72,5.713,129.3,8.239340659,0.106666667,5960.028,1212.333333,1
1990Q3,5.534759358,53.75313,1000.785,5.693,131.5333333,8.160217391,0.603333333,6015.116,1132,1
1990Q4,6.223516949,56.03613,947.453,5.674,133.7666667,7.743369565,0.8,6004.733,1042.666667,1
1991Q1,5.28508201,57.41652,924.569,5.656,134.7666667,6.430444444,0.983333333,6035.178,894.6666667,1
1991Q2,4.845360825,57.74551,926.541,5.637,135.5666667,5.864065934,1.233333333,6126.862,1011,0
1991Q3,3.876361794,59.06123,947.476,5.619,136.6,5.645217391,1.43,6205.937,1042.333333,0
1991Q4,2.991772625,60.68599,978.788,5.602,137.7333333,4.818478261,1.846666667,6264.54,1087,0
1992Q1,2.868447082,60.99679,956.817,5.585,138.6666667,4.024285714,2.016666667,6363.102,1241,0
1992Q2,3.097345133,61.57938,1013.084,5.569,139.7333333,3.774065934,2.17,6470.763,1152.666667,0
1992Q3,3.097560976,61.89802,1024.162,5.553,140.8,3.25923913,2.47,6566.641,1183.666667,0
1992Q4,3.050108932,62.52256,1057.962,5.537,142.0333333,3.034891304,2.3,6680.803,1228.333333,0
1993Q1,3.197115385,62.86657,1083.829,5.522,143.0666667,3.042333333,2.133333333,6729.459,1167.666667,0
1993Q2,3.147353362,63.91524,1094.479,5.507,144.1,2.997252747,1.996666667,6808.939,1266,0
1993Q3,2.744263071,64.10093,1095.852,5.493,144.7666667,3.057717391,1.643333333,6882.098,1299,0
1993Q4,2.724923655,64.66861,1153.142,5.48,145.9666667,2.98826087,1.526666667,7013.738,1433.666667,0
1994Q1,2.51572327,64.30709,1201.675,5.467,146.7,3.209333333,1.53,7115.652,1391,0
1994Q2,2.380952381,64.10716,1264.948,5.454,147.5333333,3.938021978,1.266666667,7246.931,1466.666667,0
1994Q3,2.878194796,64.01176,1251.749,5.442,148.9,4.485434783,1.1,7331.075,1454.333333,0
1994Q4,2.652641207,64.38584,1307.566,5.431,149.7666667,5.167934783,0.68,7455.288,1472,0
1995Q1,2.840263576,64.66271,1327.586,5.42,150.8666667,5.802777778,0.35,7522.289,1324,0
1995Q2,3.09324904,65.31294,1303.988,5.409,152.1,6.019120879,0.466666667,7580.997,1287.333333,0
1995Q3,2.641002686,64.73906,1303.248,5.399,152.8666667,5.797173913,0.466666667,7683.125,1415.333333,0
1995Q4,2.650924482,64.18282,1335.135,5.389,153.7,5.719456522,0.393333333,7772.586,1417.333333,0
1996Q1,2.739726027,65.04171,1355.353,5.379,155.0666667,5.370989011,0.643333333,7868.468,1460.666667,0
1996Q2,2.847130968,64.2497,1418.388,5.369,156.4,5.243956044,0.6,8032.84,1495.666667,0
1996Q3,2.943741823,64.25469,1474.35,5.36,157.3,5.306195652,0.603333333,8131.408,1501.333333,0
1996Q4,3.190104167,64.44697,1480.128,5.35,158.6666667,5.280869565,0.546666667,8259.771,1417,0
1997Q1,2.946236559,64.34428,1522.404,5.341,159.6333333,5.278444444,0.52,8362.655,1432.666667,0
1997Q2,2.34241908,63.10907,1590.218,5.332,160,5.522197802,0.423333333,8518.825,1476,0
1997Q3,2.20292311,62.48709,1625.251,5.323,160.8,5.534673913,0.34,8662.823,1457.666667,0
1997Q4,1.871713985,62.77032,1644.529,5.313,161.6666667,5.507391304,0.173333333,8765.907,1532,0
1998Q1,1.462293712,62.50988,1712.324,5.304,162,5.519333333,0.14,8866.48,1558.666667,0
1998Q2,1.602163962,61.85196,1695.773,5.294,162.5333333,5.497472527,0.04,8969.699,1572.333333,0
1998Q3,1.595854922,60.58693,1741.623,5.285,163.3666667,5.531630435,0.07,9121.097,1631.333333,0
1998Q4,1.548307184,60.40696,1796.964,5.275,164.1333333,4.860543478,0.29,9293.991,1722.333333,0
1999Q1,1.667696109,60.01334,1853.063,5.265,164.7333333,4.734555556,0.133333333,9417.264,1709.333333,0
1999Q2,2.109359001,59.20506,1848.341,5.255,165.9666667,4.747692308,0.256666667,9524.152,1574.333333,0
1999Q3,2.345981232,58.42135,1893.735,5.245,167.2,5.095543478,0.253333333,9681.856,1650.666667,0
1999Q4,2.622484245,58.34802,1953.097,5.235,168.4333333,5.304021739,0.2,9899.378,1654.666667,0
2000Q1,3.24017821,57.71743,1950.65,5.224,170.1,5.677692308,-0.046666667,10002.857,1659,0
2000Q2,3.329322102,55.48513,2075.786,5.214,171.4333333,6.271978022,-0.386666667,10247.679,1586.666667,0
2000Q3,3.508072553,54.98329,2059.969,5.204,173,6.519456522,-0.323333333,10319.825,1503.666667,0
2000Q4,3.427099842,54.24085,2067.227,5.193,174.2333333,6.474891304,-0.146666667,10439.025,1544,0
2001Q1,3.393487642,55.1304,1971.333,5.183,175.9,5.597,0.463333333,10472.879,1605,1
2001Q2,3.377329193,54.03766,1973.033,5.172,177.1333333,4.326703297,1.08,10597.822,1630,1
2001Q3,2.695936838,54.80656,1944.909,5.161,177.6333333,3.501521739,1.34,10596.294,1599.666667,1
2001Q4,1.857881632,55.75305,1850.091,5.151,177.5,2.130434783,1.896666667,10660.294,1570,0
2002Q1,1.25213432,55.66835,1912.659,5.14,178.0666667,1.732888889,1.873333333,10788.952,1723,0
2002Q2,1.295531356,56.24119,1933.282,5.129,179.4666667,1.751538462,1.876666667,10893.207,1691,0
2002Q3,1.593849616,56.66127,1933.197,5.119,180.4333333,1.740869565,2.03,10992.051,1697.333333,0
2002Q4,2.200075216,57.85782,1942.531,5.108,181.5,1.44423913,2.116666667,11071.463,1729.666667,0
2003Q1,2.866779089,57.77057,1960.221,5.097,183.3666667,1.249666667,2.273333333,11183.507,1736,0
2003Q2,2.131603336,58.96044,1972.386,5.087,183.0666667,1.246703297,2.196666667,11312.875,1753.666667,0
2003Q3,2.196382429,58.64208,2044.304,5.077,184.4333333,1.016847826,2.553333333,11567.326,1889.666667,0
2003Q4,1.895124195,59.4596,2131.311,5.067,185.1333333,0.99673913,2.423333333,11769.275,2035.666667,0
2004Q1,1.785063752,59.82355,2154.052,5.057,186.7,1.001868132,2.326666667,11920.169,1918.333333,0
2004Q2,2.867513612,60.07385,2262.607,5.047,188.1666667,1.011318681,2.146666667,12108.987,1937.333333,0
2004Q3,2.727108543,59.97601,2318.272,5.038,189.3666667,1.43076087,1.743333333,12303.34,1977,0
2004Q4,3.322499097,60.66032,2390.082,5.028,191.4,1.949891304,1.36,12522.425,1965.333333,0
2005Q1,3.042233357,60.94141,2486.068,5.02,192.3666667,2.469,0.853333333,12761.337,2071.666667,0
2005Q2,2.946365561,60.70087,2476.474,5.011,193.6666667,2.941758242,0.516666667,12910.022,2051.333333,0
2005Q3,3.832630098,60.3575,2531.076,5.003,196.6,3.46,0.26,13142.873,2100,0
2005Q4,3.739951066,61.28277,2645.263,4.996,198.4333333,3.97826087,0.126666667,13332.316,2068.666667,0
2006Q1,3.647099687,61.53482,2709.74,4.99,199.4666667,4.454111111,-0.03,13603.933,2120.333333,0
2006Q2,4.010282776,61.23753,2709.252,4.984,201.2666667,4.907582418,0.076666667,13749.806,1855,0
2006Q3,3.335590924,61.34482,2709.42,4.976,203.1666667,5.245326087,-0.033333333,13867.469,1702.333333,0
2006Q4,1.937331536,61.83717,2675.406,4.965,202.3333333,5.242934783,-0.106666667,14037.228,1570,0
2007Q1,2.424095174,62.284,2664.295,4.95,204.317,5.254555556,-0.086666667,14208.569,1461.333333,0
2007Q2,2.650683803,61.65661,2699.217,4.935,206.631,5.252417582,0.04,14382.363,1451,0
2007Q3,2.360478453,61.97214,2685.969,4.919,207.939,5.074347826,0.35,14535.003,1289,0
2007Q4,3.974384399,62.86259,2642.56,4.905,210.4896667,4.495652174,0.783333333,14681.501,1166,1
2008Q1,4.095428021,64.41587,2563.701,4.892,212.7696667,3.181428571,1.64,14651.039,1064,1
2008Q2,4.379385124,64.11087,2540.595,4.884,215.5376667,2.084725275,1.463333333,14805.611,1010.666667,1
2008Q3,5.302814444,67.57397,2498.242,4.882,218.861,1.940652174,1.506666667,14835.187,862.3333333,1
2008Q4,1.601687359,73.48998,2307.915,4.887,213.8486667,0.505326087,2.04,14559.543,663,1
2009Q1,-0.040232531,77.2997,2014.878,4.901,212.3776667,0.184444444,1.83,14394.547,525.6666667,1
2009Q2,-1.1504452,80.4389,1863.65,4.923,213.507,0.178021978,2.3,14352.85,534.3333333,1
2009Q3,-1.623360336,82.59064,1841.416,4.95,215.344,0.154347826,2.483333333,14420.312,588.3333333,0
2009Q4,1.443933757,84.16278,1998.71,4.978,217.03,0.118369565,2.586666667,14628.021,567.6666667,0
2010Q1,2.360524806,86.76598,2038.161,5.005,217.374,0.133888889,2.8,14721.35,618,0
2010Q2,1.767765161,88.44771,2148.795,5.029,217.2973333,0.191978022,2.62,14926.098,602,0
2010Q3,1.175608897,89.93168,2236.495,5.047,217.9343333,0.188804348,2.246666667,15079.917,579.6666667,0
2010Q4,1.270248097,92.02388,2238.44,5.062,219.699,0.189565217,2.38,15240.843,542.3333333,0
2011Q1,2.141126995,93.35519,2205.962,5.073,222.0436667,0.154555556,2.766666667,15285.828,582.3333333,0
2011Q2,3.430395382,92.5588,2297.352,5.078,224.5683333,0.094615385,2.643333333,15496.189,574.3333333,0
2011Q3,3.756173999,94.85943,2322.84,5.079,226.0326667,0.083586957,2.143333333,15591.85,619.3333333,0
2011Q4,3.293776544,96.36931,2504.095,5.073,227.0473333,0.074347826,1.783333333,15796.46,671.6666667,0
2012Q1,2.815192203,97.42044,2567.75,5.06,228.326,0.104175824,1.75,16019.758,707.3333333,0
2012Q2,1.889765176,98.15989,2636.863,5.041,228.808,0.152307692,1.533333333,16152.257,739.3333333,0
2012Q3,1.697784372,98.82568,2644.119,5.018,229.841,0.144347826,1.383333333,16257.151,780.3333333,0
2012Q4,1.889365391,100.45154,2638.282,4.993,231.3693333,0.161195652,1.436666667,16358.863,908,0
2013Q1,1.681828819,101.21783,2738.236,4.966,232.2993333,0.143666667,1.683333333,16569.591,953.3333333,0
2013Q2,1.392849786,100.6034,2775.276,4.939,232.045,0.115824176,1.726666667,16637.926,868,0
2013Q3,1.553358711,99.34376,2879.995,4.912,233.3,0.085217391,2.343333333,16848.748,882.3333333,0
2013Q4,1.233471125,100.42722,2910.546,4.884,234.1626667,0.085543478,2.42,17083.137,1009,0
2014Q1,1.40545641,102.90374,2899.216,4.855,235.621,0.072222222,2.39,17104.555,934,0
2014Q2,2.050845518,101.14552,3030.425,4.825,236.8723333,0.090989011,2.203333333,17432.909,987,0
2014Q3,1.783153892,100.5779,3107.62,4.793,237.4783333,0.089130435,1.98,17721.657,1030.666667,0
2014Q4,1.248027625,101.63324,3139.452,4.76,236.8883333,0.101304348,1.74,17849.912,1049.333333,0
2015Q1,-0.062695925,100.93348,3235.744,4.728,235.3196667,0.112888889,1.363333333,17984.178,980.6666667,0
2015Q2,-0.038272012,99.63003,3231.774,4.698,236.938,0.125604396,1.553333333,18219.405,1157,0
2015Q3,0.109503412,98.94196,3241.196,4.674,237.8623333,0.134782609,1.526666667,18344.713,1161.666667,0
2015Q4,0.466264632,103.11351,3183.594,4.655,237.8713333,0.161086957,1.356666667,18350.825,1129.333333,0
2016Q1,1.080267065,104.56276,3149.108,4.641,237.78,0.35978022,1.083333333,18424.283,1145.666667,0
2016Q2,1.047063146,103.99382,3152.921,4.633,239.486,0.369340659,0.98,18637.253,1160.666667,0
2016Q3,1.117615381,104.07674,3166.606,4.626,240.601,0.394891304,0.836666667,18806.743,1151.333333,0
2016Q4,1.800620768,105.18613,3246.201,4.621,242.164,0.448152174,1.123333333,18991.883,1254,0
2017Q1,2.539320573,103.41831,3288.229,4.616,243.83,0.698888889,1.203333333,19190.431,1230.666667,0
2017Q2,1.901991373,102.52061,3334.971,4.611,244.065,0.947362637,0.97,19356.649,1169.333333,0
2017Q3,1.966925115,103.22866,3401.815,4.607,245.3683333,1.153695652,0.88,19611.704,1175.333333,0
2017Q4,2.117557425,102.88087,3457.732,4.602,247.2733333,1.202777778,0.673333333,19918.91,1259.666667,0
2018Q1,2.214194453,104.59493,3542.412,4.597,249.2503333,1.448965517,0.596666667,20163.159,1320.666667,0
2018Q2,2.71188703,103.33928,3561.592,4.592,250.5786667,1.727176471,0.446666667,20510.177,1259.666667,0
2018Q3,2.640939652,103.69309,3683.981,4.587,251.8286667,1.923492063,0.253333333,20749.752,1233,0
2018Q4,2.20313142,105.15026,3725.234,4.582,252.759,2.217096774,0.233333333,20897.804,1185,0
2019Q1,1.644936041,104.40334,3783.364,4.577,253.3113333,2.401311475,0.17,21098.827,1213,0